cond,mean,std
combined_scores,0.2663686374841728,0.0003252957759429514
