cond,mean,std
only_features,0.8634222754844068,0.0005502384321498468
