mean,std
0.8496351275559745,0.00027594462669586797
