cond,mean,std
imdb_rating,0.30325373954090024,0.00044755291469630144
mv_lens_avg_rating,0.2830722614223019,0.0004550591182881608
tomato_user_rating,0.44202288729928874,0.0008213434082770314
